Rk,Player,Tm,,,,,,,,
1,Stephen Curry\curryst01,GSW,,,,,,,,
2,John Wall\walljo01,HOU,,,,,,,,
3,Russell Westbrook\westbru01,LAL,,,,,,,,
4,James Harden\hardeja01,BRK,,,,,,,,
5,LeBron James\jamesle01,LAL,,,,,,,,
6,Kevin Durant\duranke01,BRK,,,,,,,,
7,Giannis Antetokounmpo\antetgi01,MIL,,,,,,,,
8,Paul George\georgpa01,LAC,,,,,,,,
9,Damian Lillard\lillada01,POR,,,,,,,,
10,Kawhi Leonard\leonaka01,LAC,,,,,,,,
11,Klay Thompson\thompkl01,GSW,,,,,,,,
12,Jimmy Butler\butleji01,MIA,,,,,,,,
13,Tobias Harris\harrito02,PHI,,,,,,,,
14,Khris Middleton\middlkh01,MIL,,,,,,,,
15,Anthony Davis\davisan02,LAL,,,,,,,,
16,Rudy Gobert\goberru01,UTA,,,,,,,,
17,Kyrie Irving\irvinky01,BRK,,,,,,,,
18,Bradley Beal\bealbr01,WAS,,,,,,,,
19,Kristaps Porziņģis\porzikr01,DAL,,,,,,,,
20,Devin Booker\bookede01,PHO,,,,,,,,
21,Karl-Anthony Towns\townska01,MIN,,,,,,,,
22,Ben Simmons\simmobe01,PHI,,,,,,,,
23,Jamal Murray\murraja01,DEN,,,,,,,,
24,Joel Embiid\embiijo01,PHI,,,,,,,,
25,Andrew Wiggins\wiggian01,GSW,,,,,,,,
26,Pascal Siakam\siakapa01,TOR,,,,,,,,
27,Kevin Love\loveke01,CLE,,,,,,,,
28,CJ McCollum\mccolcj01,POR,,,,,,,,
29,Chris Paul\paulch01,PHO,,,,,,,,
30,Nikola Jokić\jokicni01,DEN,,,,,,,,
31,Jrue Holiday\holidjr01,MIL,,,,,,,,
32,D'Angelo Russell\russeda01,MIN,,,,,,,,
33,Gordon Hayward\haywago01,CHO,,,,,,,,
34,Blake Griffin\griffbl01,DET,,,,,,,,
35,Brandon Ingram\ingrabr01,NOP,,,,,,,,
36,De'Aaron Fox\foxde01,SAC,,,,,,,,
37,Bam Adebayo\adebaba01,MIA,,,,,,,,
38,Donovan Mitchell\mitchdo01,UTA,,,,,,,,
39,Jayson Tatum\tatumja01,BOS,,,,,,,,
40,Al Horford\horfoal01,BOS,,,,,,,,
41,Kyle Lowry\lowryky01,MIA,,,,,,,,
42,Kemba Walker\walkeke02,OKC,,,,,,,,
43,DeMar DeRozan\derozde01,CHI,,,,,,,,
44,Jaylen Brown\brownja02,BOS,,,,,,,,
45,Draymond Green\greendr01,GSW,,,,,,,,
46,Nikola Vučević\vucevni01,CHI,,,,,,,,
47,John Collins\collijo01,ATL,,,,,,,,
48,Buddy Hield\hieldbu01,SAC,,,,,,,,
49,Malcolm Brogdon\brogdma01,IND,,,,,,,,
50,Tim Hardaway Jr.\hardati02,DAL,,,,,,,,
51,Mike Conley\conlemi01,UTA,,,,,,,,
52,Gary Harris\harriga01,ORL,,,,,,,,
53,Danilo Gallinari\gallida01,ATL,,,,,,,,
54,Harrison Barnes\barneha02,SAC,,,,,,,,
55,Jarrett Allen\allenja01,CLE,,,,,,,,
56,Jerami Grant\grantje01,DET,,,,,,,,
57,Julius Randle\randlju01,NYK,,,,,,,,
58,Fred VanVleet\vanvlfr01,TOR,,,,,,,,
59,Zach LaVine\lavinza01,CHI,,,,,,,,
60,Goran Dragić\dragigo01,TOR,,,,,,,,
61,Bojan Bogdanović\bogdabo02,UTA,,,,,,,,
62,Lonzo Ball\balllo01,CHI,,,,,,,,
63,Domantas Sabonis\sabondo01,IND,,,,,,,,
64,Eric Gordon\gordoer01,HOU,,,,,,,,
65,Evan Fournier\fournev01,NYK,,,,,,,,
66,Eric Bledsoe\bledser01,LAC,,,,,,,,
67,Myles Turner\turnemy01,IND,,,,,,,,
68,Bogdan Bogdanović\bogdabo01,ATL,,,,,,,,
69,Terry Rozier\roziete01,CHO,,,,,,,,
70,Ricky Rubio\rubiori01,CLE,,,,,,,,
71,Caris LeVert\leverca01,IND,,,,,,,,
72,Jonathan Isaac\isaacjo01,ORL,,,,,,,,
73,Joe Harris\harrijo01,BRK,,,,,,,,
74,Spencer Dinwiddie\dinwisp01,WAS,,,,,,,,
75,Clint Capela\capelca01,ATL,,,,,,,,
76,Steven Adams\adamsst01,MEM,,,,,,,,
77,Markelle Fultz\fultzma01,ORL,,,,,,,,
78,Aaron Gordon\gordoaa01,DEN,,,,,,,,
79,OG Anunoby\anunoog01,TOR,,,,,,,,
80,Dāvis Bertāns\bertada01,WAS,,,,,,,,
81,Gary Trent Jr.\trentga02,TOR,,,,,,,,
82,Lauri Markkanen\markkla01,CLE,,,,,,,,
83,Marcus Morris\morrima03,LAC,,,,,,,,
84,Duncan Robinson\robindu01,MIA,,,,,,,,
85,Norman Powell\powelno01,POR,,,,,,,,
86,Dejounte Murray\murrade01,SAS,,,,,,,,
87,Will Barton\bartowi01,DEN,,,,,,,,
88,Derrick White\whitede01,SAS,,,,,,,,
89,Taurean Prince\princta02,MIN,,,,,,,,
90,Malik Beasley\beaslma01,MIN,,,,,,,,
91,Marcus Smart\smartma01,BOS,,,,,,,,
92,Patrick Beverley\beverpa01,MIN,,,,,,,,
93,Thaddeus Young\youngth01,SAS,,,,,,,,
94,Jonas Valančiūnas\valanjo01,NOP,,,,,,,,
95,Joe Ingles\inglejo01,UTA,,,,,,,,
96,Doug McDermott\mcderdo01,SAS,,,,,,,,
97,Christian Wood\woodch01,HOU,,,,,,,,
98,Derrick Rose\rosede01,NYK,,,,,,,,
99,Brook Lopez\lopezbr01,MIL,,,,,,,,
100,Kentavious Caldwell-Pope\caldwke01,WAS,,,,,,,,
101,Kyle Kuzma\kuzmaky01,WAS,,,,,,,,
102,Robert Covington\covinro01,POR,,,,,,,,
103,Luke Kennard\kennalu01,LAC,,,,,,,,
104,T.J. Warren\warretj01,IND,,,,,,,,
105,Deandre Ayton\aytonde01,PHO,,,,,,,,
106,Terrence Ross\rosste01,ORL,,,,,,,,
107,Jordan Clarkson\clarkjo01,UTA,,,,,,,,
108,Dillon Brooks\brookdi01,MEM,,,,,,,,
109,Kelly Olynyk\olynyke01,DET,,,,,,,,
110,Kelly Oubre Jr.\oubreke01,CHO,,,,,,,,
111,Josh Hart\hartjo01,NOP,,,,,,,,
112,Jusuf Nurkić\nurkiju01,POR,,,,,,,,
113,Josh Richardson\richajo01,BOS,,,,,,,,
114,Marvin Bagley III\baglema01,SAC,,,,,,,,
115,Devonte' Graham\grahade01,NOP,,,,,,,,
116,Dwight Powell\poweldw01,DAL,,,,,,,,
117,Zion Williamson\willizi01,NOP,,,,,,,,
118,Larry Nance Jr.\nancela02,POR,,,,,,,,
119,Jeremy Lamb\lambje01,IND,,,,,,,,
120,Richaun Holmes\holmeri01,SAC,,,,,,,,
121,Reggie Jackson\jacksre01,LAC,,,,,,,,
122,Anthony Edwards\edwaran01,MIN,,,,,,,,
123,Al-Farouq Aminu\aminual01,SAS,,,,,,,,
124,Luka Dončić\doncilu01,DAL,,,,,,,,
125,Cade Cunningham\cunnica01,DET,,,,,,,,
126,Danny Green\greenda02,PHI,,,,,,,,
127,Tomáš Satoranský\satorto01,NOP,,,,,,,,
128,Kyle Anderson\anderky01,MEM,,,,,,,,
129,Serge Ibaka\ibakase01,LAC,,,,,,,,
130,Jae Crowder\crowdja01,PHO,,,,,,,,
131,Montrezl Harrell\harremo01,WAS,,,,,,,,
132,Tristan Thompson\thomptr01,SAC,,,,,,,,
133,Derrick Favors\favorde01,OKC,,,,,,,,
134,Derrick Jones Jr.\jonesde02,CHI,,,,,,,,
135,Ja Morant\moranja01,MEM,,,,,,,,
136,Reggie Bullock\bullore01,DAL,,,,,,,,
137,Alec Burks\burksal01,NYK,,,,,,,,
138,Talen Horton-Tucker\hortota01,LAL,,,,,,,,
139,Jaren Jackson Jr.\jacksja02,MEM,,,,,,,,
140,James Wiseman\wisemja01,GSW,,,,,,,,
141,Nicolas Batum\batumni01,CHO,,,,,,,,
142,Dario Šarić\saricda01,PHO,,,,,,,,
143,Jalen Green\greenja05,HOU,,,,,,,,
144,Nerlens Noel\noelne01,NYK,,,,,,,,
145,Jakob Poeltl\poeltja01,SAS,,,,,,,,
146,Maxi Kleber\klebima01,DAL,,,,,,,,
147,Thomas Bryant\bryanth01,WAS,,,,,,,,
148,Kemba Walker\walkeke02,NYK,,,,,,,,
149,Royce O'Neale\onealro01,UTA,,,,,,,,
150,RJ Barrett\barrerj01,NYK,,,,,,,,
151,Alex Caruso\carusal01,CHI,,,,,,,,
152,Delon Wright\wrighde01,ATL,,,,,,,,
153,De'Anthony Melton\meltode01,MEM,,,,,,,,
154,Daniel Theis\theisda01,HOU,,,,,,,,
155,Monte Morris\morrimo01,DEN,,,,,,,,
156,Trae Young\youngtr01,ATL,,,,,,,,
157,JaMychal Green\greenja01,DEN,,,,,,,,
158,LaMelo Ball\ballla01,CHO,,,,,,,,
159,Seth Curry\curryse01,PHI,,,,,,,,
160,Mason Plumlee\plumlma01,CHO,,,,,,,,
161,Evan Mobley\mobleev01,CLE,,,,,,,,
162,Cedi Osman\osmande01,CLE,,,,,,,,
163,DeAndre Jordan\jordade01,DET,,,,,,,,
164,De'Andre Hunter\huntede01,ATL,,,,,,,,
165,Mo Bamba\bambamo01,ORL,,,,,,,,
166,Tyus Jones\jonesty01,MEM,,,,,,,,
167,Ivica Zubac\zubaciv01,LAC,,,,,,,,
168,T.J. McConnell\mccontj01,IND,,,,,,,,
169,Patrick Williams\willipa01,CHI,,,,,,,,
170,Scottie Barnes\barnesc01,TOR,,,,,,,,
171,Darius Garland\garlada01,CLE,,,,,,,,
172,Juancho Hernangómez\hernaju01,BOS,,,,,,,,
173,Chris Boucher\bouchch01,TOR,,,,,,,,
174,D.J. Augustin\augusdj01,HOU,,,,,,,,
175,P.J. Tucker\tuckepj01,MIA,,,,,,,,
176,Zach Collins\colliza01,SAS,,,,,,,,
177,Wendell Carter Jr.\cartewe01,ORL,,,,,,,,
178,Isaac Okoro\okorois01,CLE,,,,,,,,
179,Jalen Suggs\suggsja01,ORL,,,,,,,,
180,Cameron Payne\payneca01,PHO,,,,,,,,
181,Joakim Noah\noahjo01,NYK,,,,,,,,
182,Jarrett Culver\culveja01,MEM,,,,,,,,
183,Khem Birch\birchkh01,TOR,,,,,,,,
184,Collin Sexton\sextoco01,CLE,,,,,,,,
185,Onyeka Okongwu\okongon01,ATL,,,,,,,,
186,Justin Holiday\holidju01,IND,,,,,,,,
187,Josh Giddey\giddejo01,OKC,,,,,,,,
188,Rudy Gay\gayru01,UTA,,,,,,,,
189,Patty Mills\millspa02,BRK,,,,,,,,
190,Dennis Schröder\schrode01,BOS,,,,,,,,
191,Kevin Knox\knoxke01,NYK,,,,,,,,
192,Coby White\whiteco01,CHI,,,,,,,,
193,Timofey Mozgov\mozgoti01,ORL,,,,,,,,
194,Killian Hayes\hayeski01,DET,,,,,,,,
195,Mikal Bridges\bridgmi01,PHO,,,,,,,,
196,Shai Gilgeous-Alexander\gilgesh01,OKC,,,,,,,,
197,Jonathan Kuminga\kuminjo01,GSW,,,,,,,,
198,Miles Bridges\bridgmi02,CHO,,,,,,,,
199,Jaxson Hayes\hayesja02,NOP,,,,,,,,
200,Pat Connaughton\connapa01,MIL,,,,,,,,
201,Michael Porter Jr.\portemi01,DEN,,,,,,,,
202,Ryan Anderson\anderry01,MIA,,,,,,,,
203,Hamidou Diallo\diallha01,DET,,,,,,,,
204,Kevon Looney\looneke01,GSW,,,,,,,,
205,Troy Brown Jr.\browntr01,CHI,,,,,,,,
206,Obi Toppin\toppiob01,NYK,,,,,,,,
207,Franz Wagner\wagnefr01,ORL,,,,,,,,
208,Josh Jackson\jacksjo02,DET,,,,,,,,
209,JaVale McGee\mcgeeja01,PHO,,,,,,,,
210,Robin Lopez\lopezro01,ORL,,,,,,,,
211,Kendrick Nunn\nunnke01,LAL,,,,,,,,
212,Lou Williams\willilo02,ATL,,,,,,,,
213,Luol Deng\denglu01,LAL,,,,,,,,
214,Rui Hachimura\hachiru01,WAS,,,,,,,,
215,Garrett Temple\templga01,NOP,,,,,,,,
216,Cory Joseph\josepco01,DET,,,,,,,,
217,Taj Gibson\gibsota01,NYK,,,,,,,,
218,Torrey Craig\craigto01,IND,,,,,,,,
219,Rajon Rondo\rondora01,MEM,,,,,,,,
220,Bruce Brown\brownbr01,BRK,,,,,,,,
221,Deni Avdija\avdijde01,WAS,,,,,,,,
222,Donte DiVincenzo\divindo01,MIL,,,,,,,,
223,Cam Reddish\reddica01,ATL,,,,,,,,
224,David Nwaba\nwabada01,HOU,,,,,,,,
225,Furkan Korkmaz\korkmfu01,PHI,,,,,,,,
226,Davion Mitchell\mitchda01,SAC,,,,,,,,
227,Bryn Forbes\forbebr01,SAS,,,,,,,,
228,Jeff Green\greenje02,DEN,,,,,,,,
229,Ish Smith\smithis01,CHO,,,,,,,,
230,Jalen Smith\smithja04,PHO,,,,,,,,
231,Lonnie Walker IV\walkelo01,SAS,,,,,,,,
232,Cameron Johnson\johnsca02,PHO,,,,,,,,
233,Ziaire Williams\willizi02,MEM,,,,,,,,
234,Maurice Harkless\harklma01,SAC,,,,,,,,
235,Bobby Portis\portibo01,MIL,,,,,,,,
236,Jarred Vanderbilt\vandeja01,MIN,,,,,,,,
237,Kevin Huerter\huertke01,ATL,,,,,,,,
238,Devin Vassell\vassede01,SAS,,,,,,,,
239,P.J. Washington\washipj01,CHO,,,,,,,,
240,Willie Cauley-Stein\caulewi01,DAL,,,,,,,,
241,James Bouknight\bouknja01,CHO,,,,,,,,
242,Josh Okogie\okogijo01,MIN,,,,,,,,
243,Grayson Allen\allengr01,MIL,,,,,,,,
244,Tyrese Haliburton\halibty01,SAC,,,,,,,,
245,Chandler Hutchison\hutchch01,SAS,,,,,,,,
246,Tyler Herro\herroty01,MIA,,,,,,,,
247,Terence Davis\daviste02,SAC,,,,,,,,
248,George Hill\hillge01,MIL,,,,,,,,
249,Dorian Finney-Smith\finnedo01,DAL,,,,,,,,
250,Gorgui Dieng\dienggo01,ATL,,,,,,,,
251,Aaron Holiday\holidaa01,WAS,,,,,,,,
252,Joshua Primo\primojo01,SAS,,,,,,,,
253,Jake Layman\laymaja01,MIN,,,,,,,,
254,Anfernee Simons\simonan01,POR,,,,,,,,
255,Justise Winslow\winslju01,LAC,,,,,,,,
256,Jevon Carter\carteje01,BRK,,,,,,,,
257,Kira Lewis Jr.\lewiski01,NOP,,,,,,,,
258,Romeo Langford\langfro01,BOS,,,,,,,,
259,Facundo Campazzo\campafa01,DEN,,,,,,,,
260,Landry Shamet\shamela01,PHO,,,,,,,,
261,Chris Duarte\duartch01,IND,,,,,,,,
262,Alex Len\lenal01,SAC,,,,,,,,
263,Gabriel Deck\deckga01,OKC,,,,,,,,
264,Robert Williams\williro04,BOS,,,,,,,,
265,Aaron Nesmith\nesmiaa01,BOS,,,,,,,,
266,Moses Moody\moodymo01,GSW,,,,,,,,
267,Boban Marjanović\marjabo01,DAL,,,,,,,,
268,Mike Muscala\muscami01,OKC,,,,,,,,
269,Cole Anthony\anthoco01,ORL,,,,,,,,
270,Corey Kispert\kispeco01,WAS,,,,,,,,
271,Trey Burke\burketr01,DAL,,,,,,,,
272,Georges Niang\niangge01,PHI,,,,,,,,
273,Chuma Okeke\okekech01,ORL,,,,,,,,
274,Isaiah Stewart\stewais01,DET,,,,,,,,
275,Nickeil Alexander-Walker\alexani01,NOP,,,,,,,,
276,Alperen Şengün\sengual01,HOU,,,,,,,,
277,Nicolas Batum\batumni01,LAC,,,,,,,,
278,Jon Leuer\leuerjo01,MIL,,,,,,,,
279,Aleksej Pokusevski\pokusal01,OKC,,,,,,,,
280,Goga Bitadze\bitadgo01,IND,,,,,,,,
281,Trey Murphy III\murphtr02,NOP,,,,,,,,
282,Sterling Brown\brownst02,DAL,,,,,,,,
283,Michael Carter-Williams\cartemi01,ORL,,,,,,,,
284,Frank Jackson\jacksfr01,DET,,,,,,,,
285,Luka Šamanić\samanlu01,SAS,,,,,,,,
286,Josh Green\greenjo02,DAL,,,,,,,,
287,Tre Mann\manntr01,OKC,,,,,,,,
288,Dewayne Dedmon\dedmode01,DET,,,,,,,,
289,Andrew Nicholson\nichoan01,POR,,,,,,,,
290,Matisse Thybulle\thybuma01,PHI,,,,,,,,
291,Saddiq Bey\beysa01,DET,,,,,,,,
292,Kai Jones\joneska01,CHO,,,,,,,,
293,Brandon Clarke\clarkbr01,MEM,,,,,,,,
294,Precious Achiuwa\achiupr01,TOR,,,,,,,,
295,Jalen Johnson\johnsja05,ATL,,,,,,,,
296,E'Twaun Moore\mooreet01,ORL,,,,,,,,
297,Udonis Haslem\hasleud01,MIA,,,,,,,,
298,Markieff Morris\morrima02,MIA,,,,,,,,
299,DeAndre Jordan\jordade01,LAL,,,,,,,,
300,Rajon Rondo\rondora01,LAL,,,,,,,,
301,Dwight Howard\howardw01,LAL,,,,,,,,
302,Wayne Ellington\ellinwa01,LAL,,,,,,,,
303,Trevor Ariza\arizatr01,LAL,,,,,,,,
304,Carmelo Anthony\anthoca01,LAL,,,,,,,,
305,Andre Iguodala\iguodan01,GSW,,,,,,,,
306,Paul Millsap\millspa01,BRK,,,,,,,,
307,LaMarcus Aldridge\aldrila01,BRK,,,,,,,,
308,Blake Griffin\griffbl01,BRK,,,,,,,,
309,James Johnson\johnsja01,BRK,,,,,,,,
310,Enes Freedom\kanteen01,BOS,,,,,,,,
311,Avery Bradley\bradlav01,LAL,,,,,,,,
312,Ed Davis\davised01,CLE,,,,,,,,
313,Grant Williams\willigr01,BOS,,,,,,,,
314,Tyrese Maxey\maxeyty01,PHI,,,,,,,,
315,Keon Johnson\johnske07,LAC,,,,,,,,
316,Darius Bazley\bazleda01,OKC,,,,,,,,
317,Trey Lyles\lylestr01,DET,,,,,,,,
318,Zeke Nnaji\nnajize01,DEN,,,,,,,,
319,Isaiah Jackson\jacksis01,IND,,,,,,,,
320,Ty Jerome\jeromty01,OKC,,,,,,,,
321,Hassan Whiteside\whiteha01,UTA,,,,,,,,
322,Andre Drummond\drumman01,PHI,,,,,,,,
323,Kent Bazemore\bazemke01,LAL,,,,,,,,
324,Austin Rivers\riverau01,DEN,,,,,,,,
325,Cory Joseph\josepco01,DET,,,,,,,,
326,Tony Snell\snellto01,POR,,,,,,,,
327,Cody Zeller\zelleco01,POR,,,,,,,,
328,Ben McLemore\mclembe01,POR,,,,,,,,
329,Victor Oladipo\oladivi01,MIA,,,,,,,,
330,Dewayne Dedmon\dedmode01,MIA,,,,,,,,
331,Otto Porter Jr.\porteot01,GSW,,,,,,,,
332,Solomon Hill\hillso01,ATL,,,,,,,,
333,Leandro Bolmaro\bolmale01,MIN,,,,,,,,
334,Usman Garuba\garubus01,HOU,,,,,,,,
335,Willy Hernangómez\hernawi01,NOP,,,,,,,,
336,Nassir Little\littlna01,POR,,,,,,,,
337,R.J. Hampton\hamptrj01,ORL,,,,,,,,
338,Josh Christopher\chrisjo01,HOU,,,,,,,,
339,Monta Ellis\ellismo01,IND,,,,,,,,
340,Elfrid Payton\paytoel01,PHO,,,,,,,,
341,Rodney Hood\hoodro01,MIL,,,,,,,,
342,Jabari Parker\parkeja01,BOS,,,,,,,,
343,Dylan Windler\windldy01,CLE,,,,,,,,
344,Immanuel Quickley\quickim01,NYK,,,,,,,,
345,John Konchar\konchjo01,MEM,,,,,,,,
346,Quentin Grimes\grimequ01,NYK,,,,,,,,
347,Jordan Poole\poolejo01,GSW,,,,,,,,
348,Bol Bol\bolbo01,DEN,,,,,,,,
349,Keldon Johnson\johnske04,SAS,,,,,,,,
350,Payton Pritchard\pritcpa01,BOS,,,,,,,,
351,Kevin Porter Jr.\porteke02,HOU,,,,,,,,
352,Gary Clark\clarkga01,DEN,,,,,,,,
353,Bones Hyland\hylanbo01,DEN,,,,,,,,
354,Raul Neto\netora01,WAS,,,,,,,,
355,Frank Kaminsky\kaminfr01,PHO,,,,,,,,
356,Nemanja Bjelica\bjeline01,GSW,,,,,,,,
357,Udoka Azubuike\azubuud01,UTA,,,,,,,,
358,Jaden McDaniels\mcdanja02,MIN,,,,,,,,
359,Malachi Flynn\flynnma01,TOR,,,,,,,,
360,Cam Thomas\thomaca02,BRK,,,,,,,,
361,Desmond Bane\banede01,MEM,,,,,,,,
362,Jaden Springer\sprinja01,PHI,,,,,,,,
363,Day'Ron Sharpe\sharpda01,BRK,,,,,,,,
364,DeMarcus Cousins\couside01,MIL,,,,,,,,
365,Jeremiah Robinson-Earl\robinje02,OKC,,,,,,,,
366,Abdel Nader\naderab01,PHO,,,,,,,,
367,Théo Maledon\maledth01,OKC,,,,,,,,
368,Kenrich Williams\willike04,OKC,,,,,,,,
369,Santi Aldama\aldamsa01,MEM,,,,,,,,
370,Damian Jones\jonesda03,SAC,,,,,,,,
371,Wesley Matthews\matthwe02,MIL,,,,,,,,
372,Rodney McGruder\mcgruro01,DET,,,,,,,,
373,DeAndre' Bembry\bembrde01,BRK,,,,,,,,
374,Gary Payton II\paytoga02,GSW,,,,,,,,
375,Timothé Luwawu-Cabarrot\luwawti01,ATL,,,,,,,,
376,Damion Lee\leeda03,GSW,,,,,,,,
377,Larry Sanders\sandela01,MIL,,,,,,,,
378,Shake Milton\miltosh01,PHI,,,,,,,,
379,Wes Iwundu\iwundwe01,CHO,,,,,,,,
380,Mitchell Robinson\robinmi01,NYK,,,,,,,,
381,Jalen Brunson\brunsja01,DAL,,,,,,,,
382,Semi Ojeleye\ojelese01,MIL,,,,,,,,
383,Malik Monk\monkma01,LAL,,,,,,,,
384,Frank Ntilikina\ntilila01,DAL,,,,,,,,
385,Tony Bradley\bradlto01,CHI,,,,,,,,
386,Dennis Smith Jr.\smithde03,POR,,,,,,,,
387,Denzel Valentine\valende01,CLE,,,,,,,,
388,Didi Louzada\louzama01,NOP,,,,,,,,
389,Daniel Gafford\gaffoda01,WAS,,,,,,,,
390,Terance Mann\mannte01,LAC,,,,,,,,
391,Eric Paschall\pascher01,UTA,,,,,,,,
392,KZ Okpala\okpalkz01,MIA,,,,,,,,
393,Cody Martin\martico01,CHO,,,,,,,,
394,Nic Claxton\claxtni01,BRK,,,,,,,,
395,Bruno Fernando\fernabr01,BOS,,,,,,,,
396,Luguentz Dort\dortlu01,OKC,,,,,,,,
397,Miye Oni\onimi01,UTA,,,,,,,,
398,Isaiah Roby\robyis01,OKC,,,,,,,,
399,Naz Reid\reidna01,MIN,,,,,,,,
400,Jaylen Nowell\nowelja01,MIN,,,,,,,,
401,Vlatko Čančar\cancavl01,DEN,,,,,,,,
402,Dean Wade\wadede01,CLE,,,,,,,,
403,Jalen McDaniels\mcdanja01,CHO,,,,,,,,
404,Drew Eubanks\eubandr01,SAS,,,,,,,,
405,Chimezie Metu\metuch01,SAC,,,,,,,,
406,Yuta Watanabe\watanyu01,TOR,,,,,,,,
407,Svi Mykhailiuk\mykhasv01,TOR,,,,,,,,
408,Keita Bates-Diop\bateske01,SAS,,,,,,,,
409,Moritz Wagner\wagnemo01,ORL,,,,,,,,
410,Thanasis Antetokounmpo\antetth01,MIL,,,,,,,,
411,Isaac Bonga\bongais01,TOR,,,,,,,,
412,Wayne Selden\seldewa01,NYK,,,,,,,,
413,Isaiah Hartenstein\harteis01,LAC,,,,,,,,
414,Brad Wanamaker\wanambr01,IND,,,,,,,,
415,Alize Johnson\johnsal02,CHI,,,,,,,,
416,Juan Toscano-Anderson\toscaju01,GSW,,,,,,,,
417,Oshae Brissett\brissos01,IND,,,,,,,,
418,Kelan Martin\martike03,IND,,,,,,,,
419,Moses Brown\brownmo01,DAL,,,,,,,,
420,Isaiah Hartenstein\harteis01,CLE,,,,,,,,
421,Herbert Jones\joneshe01,NOP,,,,,,,,
422,Jordan McLaughlin\mclaujo01,MIN,,,,,,,,
423,Javonte Green\greenja02,CHI,,,,,,,,
424,Max Strus\strusma01,MIA,,,,,,,,
425,Gabe Vincent\vincega01,MIA,,,,,,,,
426,Kevin Pangos\pangoke01,CLE,,,,,,,,
427,Matt Thomas\thomama02,CHI,,,,,,,,
428,Xavier Tillman Sr.\tillmxa01,MEM,,,,,,,,
429,Tyrell Terry\terryty01,DAL,,,,,,,,
430,Vernon Carey Jr.\careyve01,CHO,,,,,,,,
431,Robert Woodard II\woodaro01,SAC,,,,,,,,
432,Elijah Hughes\hugheel01,UTA,,,,,,,,
433,Tre Jones\jonestr01,SAS,,,,,,,,
434,Jahmi'us Ramsey\ramseja01,SAC,,,,,,,,
435,CJ Elleby\ellebcj01,POR,,,,,,,,
436,Isaiah Joe\joeis01,PHI,,,,,,,,
437,Naji Marshall\marshna01,NOP,,,,,,,,
438,Jordan Nwora\nworajo01,MIL,,,,,,,,
439,Daniel Oturu\oturuda01,MEM,,,,,,,,
440,Deividas Sirvydis\sirvyde01,DET,,,,,,,,
441,Nick Richards\richani01,CHO,,,,,,,,
442,Sam Merrill\merrisa01,MEM,,,,,,,,
443,Anthony Gill\gillan01,WAS,,,,,,,,
444,Paul Reed\reedpa01,PHI,,,,,,,,
445,Kenyon Martin Jr.\martike04,HOU,,,,,,,,
446,Jae'Sean Tate\tateja01,HOU,,,,,,,,
447,Lamar Stevens\stevela01,CLE,,,,,,,,
448,Isaiah Todd\toddis01,WAS,,,,,,,,
449,Saben Lee\leesa01,DET,,,,,,,,
450,Omer Yurtseven\yurtsom01,MIA,,,,,,,,
451,Armoni Brooks\brookar01,HOU,,,,,,,,
452,Jaylen Morris\morrija01,SAS,,,,,,,,
453,J.R. Smith\smithjr01,CLE,,,,,,,,
454,Danuel House Jr.\houseda01,HOU,,,,,,,,
455,Gary Clark\clarkga01,NOP,,,,,,,,
456,George Hill\hillge01,PHI,,,,,,,,
457,DeMarre Carroll\carrode01,SAS,,,,,,,,
458,JT Thor\thorjt01,CHO,,,,,,,,
459,Garrison Mathews\mathega01,HOU,,,,,,,,
460,Jason Preston\prestja01,LAC,,,,,,,,
461,Isaiah Livers\liveris01,DET,,,,,,,,
462,Guerschon Yabusele\yabusgu01,BOS,,,,,,,,
463,Kyle Singler\singlky01,OKC,,,,,,,,
464,Jared Butler\butleja02,UTA,,,,,,,,
465,Greg Brown III\browngr01,POR,,,,,,,,
466,Miles McBride\mcbrimi01,NYK,,,,,,,,
467,Brandon Boston Jr.\bostobr01,LAC,,,,,,,,
468,Marko Simonovic\simonma01,CHI,,,,,,,,
469,Vit Krejci\krejcvi01,OKC,,,,,,,,
470,Charles Bassey\bassech01,PHI,,,,,,,,
471,Dalano Banton\bantoda01,TOR,,,,,,,,
472,Jock Landale\landajo01,SAS,,,,,,,,
473,Ayo Dosunmu\dosunay01,CHI,,,,,,,,
474,Denzel Mahoney\mahonde01,SAS,,,,,,,,
475,Austin Reaves\reaveau01,LAL,,,,,,,,
476,Luka Garza\garzalu01,DET,,,,,,,,
477,Shaun Livingston\livinsh01,GSW,,,,,,,,
478,Georgios Kalaitzakis\kalaige01,MIL,,,,,,,,
479,Sam Dekker\dekkesa01,TOR,,,,,,,,
480,Admiral Schofield\schofad01,OKC,,,,,,,,
481,Ish Wainright\wainris01,TOR,,,,,,,,
482,Darren Collison\collida01,LAL,,,,,,,,
483,Ersan İlyasova\ilyaser01,CHI,,,,,,,,
484,Al-Farouq Aminu\aminual01,BOS,,,,,,,,
485,Joe Johnson\johnsjo02,BOS,,,,,,,,
486,C.J. Miles\milescj01,BOS,,,,,,,,
487,Brandon Knight\knighbr03,DAL,,,,,,,,
488,Lance Stephenson\stephla01,ATL,,,,,,,,
489,Isaiah Thomas\thomais02,LAL,,,,,,,,
490,Tyler Johnson\johnsty01,PHI,,,,,,,,
491,Tim Frazier\fraziti01,ORL,,,,,,,,
492,James Ennis III\ennisja01,BRK,,,,,,,,
493,Troy Williams\willitr02,HOU,,,,,,,,
494,Stanley Johnson\johnsst04,LAL,,,,,,,,
495,Stanley Johnson\johnsst04,CHI,,,,,,,,
496,Emmanuel Mudiay\mudiaem01,SAC,,,,,,,,
497,Danuel House Jr.\houseda01,NYK,,,,,,,,
498,Marquese Chriss\chrisma01,DAL,,,,,,,,
499,Justin Anderson\anderju01,CLE,,,,,,,,
500,D.J. Wilson\wilsodj01,TOR,,,,,,,,
501,Damyean Dotson\dotsoda01,NYK,,,,,,,,
502,Cheick Diallo\diallch01,DET,,,,,,,,
503,Luke Kornet\kornelu01,CLE,,,,,,,,
504,Wes Iwundu\iwundwe01,ATL,,,,,,,,
505,Alfonzo McKinnie\mckinal01,CHI,,,,,,,,
506,Alfonzo McKinnie\mckinal01,CHI,,,,,,,,
507,Shaquille Harrison\harrish01,BRK,,,,,,,,
508,Jabari Parker\parkeja01,BOS,,,,,,,,
509,Wenyen Gabriel\gabriwe01,BRK,,,,,,,,
510,Theo Pinson\pinsoth01,DAL,,,,,,,,
511,Davon Reed\reedda01,DEN,,,,,,,,
512,Tremont Waters\watertr01,TOR,,,,,,,,
513,Juwan Morgan\morgaju01,TOR,,,,,,,,
514,Chris Silva\silvach01,MIN,,,,,,,,
515,Rayjon Tucker\tuckera01,MIN,,,,,,,,
516,Quinndary Weatherspoon\weathqu01,GSW,,,,,,,,
517,Charlie Brown Jr.\brownch02,DAL,,,,,,,,
518,Norvel Pelle\pelleno01,BOS,,,,,,,,
519,Davon Reed\reedda01,DEN,,,,,,,,
520,Justin Robinson\robinju01,SAC,,,,,,,,
521,B.J. Johnson\johnsbj01,ORL,,,,,,,,
522,Demetrius Jackson\jacksde01,BOS,,,,,,,,
523,Daniel Oturu\oturuda01,TOR,,,,,,,,
524,Freddie Gillespie\gillefr01,ORL,,,,,,,,
525,Matt Mooney\moonema01,NYK,,,,,,,,
526,Zylan Cheatham\cheatzy01,MIA,,,,,,,,
527,Jemerrio Jones\jonesje01,LAL,,,,,,,,
528,George King\kingge03,DAL,,,,,,,,
529,Admiral Schofield\schofad01,ORL,,,,,,,,
530,Jordan Schakel\schakjo01,WAS,,,,,,,,
531,Ade Murkey\murkead01,SAC,,,,,,,,
532,Javin DeLaurier\delauja01,MIL,,,,,,,,
533,Moses Wright\wrighmo01,LAC,,,,,,,,
534,Carlik Jones\jonesca03,DAL,,,,,,,,
535,Tre Scott\scotttr01,CLE,,,,,,,,
536,Mac McClung\mccluma01,CHI,,,,,,,,
537,Cat Barber\barbeca01,ATL,,,,,,,,
538,Malik Ellison\ellisma01,ATL,,,,,,,,
539,Malcolm Hill\hillma01,ATL,,,,,,,,
540,Aleem Ford\fordal03,ORL,,,,,,,,
541,Hassani Gravett\graveha01,ORL,,,,,,,,